{"cameraMode":{"drawMode":0,"name":"Shaded","section":"Shading Mode"},"sceneLighting":false,"audioPlay":false,"sceneViewState":{"showFog":true,"showMaterialUpdate":false,"showSkybox":true,"showFlares":true,"showImageEffects":true,"showParticleSystems":true},"in2DMode":false,"pivot":{"x":3.299999952316284,"y":-0.7261719107627869,"z":0.0},"rotation":{"x":-0.25108572840690615,"y":0.6196048855781555,"z":-0.21891281008720399,"w":-0.7107601165771484},"size":26.230504989624025,"orthographic":false}